<?xml version='1.0' encoding='utf-8'?>
<hibernate-configuration>
    <session-factory>
        <property name="hibernate.connection.driver_class">com.mysql.cj.jdbc.Driver</property>
        <property name="hibernate.connection.url">jdbc:mysql://localhost:3306/hibernatedb</property>
        <property name="hibernate.connection.username">root</property>
        <property name="hibernate.connection.password">Amruta@2004</property>
        <property name="hibernate.dialect">org.hibernate.dialect.MySQL8Dialect</property>
        <property name="hibernate.hbm2ddl.auto">update</property>
        <property name="show_sql">true</property>
        <mapping class="com.demo.Student"/>
    </session-factory>
</hibernate-configuration>
